{"best_checkpoint": {"name": "26_Step-7315.ckpt", "avg_eval_metric": 17.673706047667086, "time_stamp": 374.168}, "last_checkpoint": {"name": "31_Step-11433.ckpt", "avg_eval_metric": 12.154052427571129, "time_stamp": 524.468}}